,ICO Name,ICO Symbol,ICO Description,Website,Twitter,Facebook,Instagram,Linkedin,Medium,STO Dates,Current Stage,STO Price,Softcap,Hardcap,Bonuses,Token Distribution,Whitepaper,Telegram,Youtube,Explorer,Bitcointalk,Github,Reddit,Message board,Email,,For Sale,Lightpaper,Onepager,Technical whitepaper,Discord,Slack,Blog,Registration document,Steem,Googleplus,Vimeo
TORUS Token ,TORUS Token ,(TRS) STO,"TORUS is a project founded by companies operating successfully in the field of wind energy sector for more than a decade. Our mission is to respond to the growing global demand for green energy sources. That is why we invest in renewable energy infrastructure worldwide and invite professional investors from selected jurisdictions to participate in a venture that has traditionally been reserved for enterprises that were able to cover large initial financial outlays, but above all had specialist knowledge and experience.",https://torus.net/?utm_source=coincodex&utm_medium=referral,https://twitter.com/Torus_Project,https://www.facebook.com/TORUSProjectOfficial,https://www.instagram.com/torus_project/,https://www.linkedin.com/company/torus-project,https://medium.com/@Torus_Project,"Jan 1, 2021 - Nov 30, 2021",STO,$ 1.00,$ 20.00M,$ 100.00M,Up to 10%,UNKOWN 87%/INVESTORS 13%,,,,,,,,,,,,,,,,,,,,,
MumbaToken ,MumbaToken ,(MBM) STO,"Become a new generation investor! Get the opportunity to buy/sell real estate from anywhere in a few minutes, because the liquidity of the property has increased hundreds of times. There is no need to manage objects, we take care of everything, and your dividends will be accrued automatically instant.",https://mumba.finance/?utm_source=coincodex&utm_medium=referral,https://twitter.com/Mumba_Platform,https://www.facebook.com/MubmaToken/,https://www.instagram.com/mumba_platform/,,,"May 1, 2021 - Dec 31, 2021",STO,$ 100.00,"$ 200,000","$ 400,000",n/a,UNKOWN 92.5%/INVESTORS 7.5%,https://docs.google.com/presentation/d/1dxyvx-ZQgLJ9OXyXrd9Ku3aOBV-ZRNXlXIvjQ9wYBaY/edit?usp=sharing&utm_source=coincodex&utm_medium=referral,https://t.me/mumba_channel,,,,,,,,,,,,,,,,,,,
Stobox Technologies Common Stock ,Stobox Technologies Common Stock ,(STBX) STO,"Stobox is an award-winning provider of asset tokenization services. We help to transfer ownership of your assets onto the blockchain to facilitate investment and trading. Stobox provides a full-cycle solution to raise capital via a security token offering. During the last three years, we conducted 15,000+ hours of research, advised multiple clients, built over 25 partnerships in 10+ countries, built 8 products and services, created hundreds of educational pieces about tokenization and decentralized finance.",https://dashboard.stobox.io/?utm_source=coincodex&utm_medium=referral,https://twitter.com/StoboxCompany,https://www.facebook.com/StoboxCompany,,https://www.linkedin.com/company/stobox/,https://stobox-platform.medium.com/,"Mar 1, 2021 - Mar 1, 2022",STO,$ 1.00,n/a,$ 1.00M,n/a,UNKOWN 90%/INVESTORS 10%,https://dashboard.stobox.io/?utm_source=coincodex&utm_medium=referral,https://t.me/stobox_official,https://www.youtube.com/channel/UCMKnSJ4dkf0V1QLx5Bo2QTw,https://etherscan.io/token/0x54f37F8c64AC1E3a451ff9762BFC8afe0eDb0f0A,,,,,,,,,,,,,,,,,
Blue Hill Foundation ,Blue Hill Foundation ,(BHF) STO,"The Blue Hill Mining security token is a real mining project that is a scalable, asset-backed security token directly linked to 30% ownership of the Blue Hill Mining project and supervised by one of the top-rated Swiss law firms.",https://bluehillfoundation.com/?utm_source=coincodex&utm_medium=referral,https://twitter.com/BH_Foundation1,https://www.facebook.com/bluehillfoundation/,,https://www.linkedin.com/company/bluehillfoundation,https://medium.com/blue-hill-foundation,"Apr 2, 2019 - n/a",STO,$ 0.14,n/a,n/a,,,https://www.bluehillfoundation.com/docs/whitepaper.pdf?utm_source=coincodex&utm_medium=referral,https://t.me/bluehillfoundation,,,https://bitcointalk.org/index.php?topic=5145356.new#new,https://github.com/BlueHillFoundation,https://www.reddit.com/user/bluehillfoundation,,,,,,,,,,,,,,
CROWDLITOKEN ,CROWDLITOKEN ,(CRT) STO,"CROWDLITOKEN represents the next generation of financial assets. It is a fully compliant digital bond which allows investors to participate in a European real estate portfolio. Investors can select their own properties, determine their individual risk-return-profile and choose freely between monthly cash pay-out or reinvestment of the cashflows. Investments are possible in CHF, EUR or Ether. The product has a maturity of 25 years, but it will be tradeable during the term. For the first time in financial history, it is possible to directly invest into an individually selected, tailor-made real estate portfolio that is at the same time tradeable.",https://crowdlitoken.com/?utm_source=coincodex&utm_medium=referral,,https://www.facebook.com/CROWDLITOKEN/,,https://www.linkedin.com/company/crowdlitoken/,,"Jul 8, 2019 - Nov 30, 2019",STO,$ 0.75,$ 45.00M,$ 200.00M,Up to 25%,UNKOWN 100%/INVESTORS 0%,,,https://www.youtube.com/channel/UCjQ7gytBdG1dC1QjrFKP-TQ?view_as=subscriber,https://etherscan.io/token/0x334a934fa07fce4fb7b1c89457fe9754c08f4d41?a=0x23f03fa916b4911c957c363865bc19dda8a7f741,,,,,,,,,,,,,,,,,
Gigajoule ,Gigajoule ,(GIGJ) STO,"Gigajoule Floating Solutions is an electricity generation company. It creates fully operational, gas-based power plants, floating on barges. It uses proven technologies together with Internet of Things (IoT) and blockchain technologies to ensure the highest standards of quality and efficiency.  This takes a fraction of the time required for traditional land-based plants, yet rivals or surpasses them in efficiency, reliability and cost.
 ",https://gigajoule.io/?utm_source=coincodex&utm_medium=referral,https://twitter.com/GigajouleT,https://www.facebook.com/gigajouletoken,,https://www.linkedin.com/company/gigajoule/?viewAsMember=true,https://medium.com/gigajoulet,"Nov 1, 2019 - n/a",STO,$ 1.00,$ 6.00M,$ 16.00M,,UNKOWN 80%/INVESTORS 10%,https://secureservercdn.net/160.153.137.210/d37.ba6.myftpupload.com/wp-content/uploads/2019/10/Gigajoule-Whitepaper.pdf?utm_source=coincodex&utm_medium=referral,https://t.me/Gigajoule_group,https://www.youtube.com/channel/UCyz7SfLezIXbmZdIQo4ozXw,,https://bitcointalk.org/index.php?topic=5182913.420,,https://www.reddit.com/user/Gigajoule_team,,,,,,,,,,,,,,
INX Token ,INX Token ,(INX) STO,"The INX Token is issued by INX Limited, a Gibraltar-based private company that was formed in 2017. The team is developing the so-called ""INX Tradin Solutions"" which is a single entry-point for their customers to trade cryptocurrencies, security tokens, and their derivatives.",https://token.inx.co/?utm_source=coincodex&utm_medium=referral,https://twitter.com/INXLimited,https://www.facebook.com/INXLtd/,,https://www.linkedin.com/company/inxlimited/,,"Aug 25, 2020 - n/a",STO,$ 0.90,n/a,$ 117.00M,,UNKOWN 65%/INVESTORS 17.5%,,https://t.me/inxltd,https://www.youtube.com/channel/UCgk9PJ_3NvCA-dIJ5PXNJeg,https://etherscan.io/address/0xbbc7f7a6aadac103769c66cbc69ab720f7f9eae3,,,https://www.reddit.com/r/INX_Ltd/,,,,,,,,,,,,,,
Blockchain Capital ,Blockchain Capital ,(BCAP) STO,"Blockchain Capital, founded in 2013, is one of the oldest and most active venture investors in the blockchain industry and has financed 75+ companies and projects since its inception. Their mission is to help entrepreneurs build world-class companies and projects based on blockchain technology. They invest in both equity and tokens and are a multi-stage investor. Blockchain Capital also pioneered the world's first ever tokenized investment fund and the blockchain industry's very first security token, the BCAP, in April of 2017.",http://blockchain.capital/?utm_source=coincodex&utm_medium=referral,https://twitter.com/blockchaincap,,,,,"Apr 10, 2017 - Apr 10, 2017",STO,$ 1.00,,,,UNKOWN 100%/INVESTORS 0%,,,,https://etherscan.io/token/BCAP,,,https://www.reddit.com/r/vctoken,https://bitcointalk.org/index.php?topic=1829499.0,mailto:mailto:contact@blockchaincapital.com,,0.00,,,,,,,,,,
Slice ,Slice ,(CRE) STO,"Slice is a commercial real estate platform that allows investment in US real estate to international investors. Private investors gain access to wealth building opportunities, while real estate owners and operators gain access to a large pool of untapped capital. Each asset token represents fully legal rights in the participating units of the asset. Users get both official certificate and tokens representing the investment which they could trade later.",https://slice.market/?utm_source=coincodex&utm_medium=referral,https://twitter.com/SliceCRE,,,https://www.linkedin.com/company/slice-re/,https://medium.com/@slice_re,To be announced...,STO,-,n/a,n/a,,UNKOWN 100%/INVESTORS 0%,,https://t.me/SliceRE,https://www.youtube.com/channel/UCM-LzjzApBToGRgeoeR81Aw,https://coincodex.enjinx.io/eth/token/0x61f33da40594cec1e3dc900faf99f861d01e2e7d,,,,,,,,,,,,,,,,,
Cryotech Nordic ,Cryotech Nordic ,(CTN) STO,"Cryotech Nordic is pioneering how it is possible for everyone to access cryotherapy chambers and localized cryotherapy. Its innovative and ground-breaking technology prevents the use of costly liquid nitrogen chambers, massively lowering expenses and opening up a once-niche sector to a much bigger and more affordable retail market.",https://www.cryotechnordic.com/?utm_source=coincodex&utm_medium=referral,http://www.twitter.com/cryotechnordic,http://www.facebook.com/cryotechnordic,http://www.instagram.com/cryotechnordic,https://www.linkedin.com/company/cryotechnordic,,To be announced...,STO,-,n/a,n/a,,UNKOWN 100%/INVESTORS 0%,,,https://www.youtube.com/channel/UCwalml3NO_ljK4J-nxtLItw,,,,,,,,,,,,,,,,,,
GIFcoin ,GIFcoin ,(GIF) STO,The GIF in GIFcoin stands for Gambling Investment Fund. This fund is backed by an already functioning betting website – VitalBet.com. The investors in the GIF Tokens will receive 80% of VitalBet's annual profits once a year.,https://goo.gl/WnvgvV?utm_source=coincodex&utm_medium=referral,https://twitter.com/gifcoin_io,https://www.facebook.com/gifcoin.io,,,https://medium.com/@gifcoin,"Mar 16, 2018 - Jun 12, 2018",STO,,,,,UNKOWN 88%/INVESTORS 12%,https://www.gifcoin.io/GifCoin-WhitePaper.pdf?utm_source=coincodex&utm_medium=referral,https://t.me/gifcoin,https://www.youtube.com/channel/UCLq13wzOH1STqW8I-Z-ctAQ,,https://bitcointalk.org/index.php?topic=2785607.0,https://gist.github.com/gifcointoken/6939120d88906efc3493e60eba1db592,https://www.reddit.com/r/GIFcointoken/,,,,263.00M,,,,,,,,,,
OpenFinance Network ,OpenFinance Network ,(OFN) STO,The OpenFinance Network aims to tokenize the financial world by building the first regulated trading platform for tokenized securities.,https://openfinance.io/?utm_source=coincodex&utm_medium=referral,https://twitter.com/openfinanceio,,,,https://medium.com/openfinance,To be announced...,STO,-,n/a,$ 50.00M,,UNKOWN 40%/INVESTORS 35%,https://www.openfinance.io/public/whitepaper.pdf?utm_source=coincodex&utm_medium=referral,,,,,https://github.com/openfinanceio,https://www.reddit.com/r/openfinance,,mailto:mailto:info@openfinance.io,,,https://openfinance.io/public/litepaper.pdf,,,,,,,,,
REI Capital Growth ,REI Capital Growth ,(REICG) STO,REI Capital Growth is a real estate investment fund that operates since 2013. The team behind REI has refined a distinct strategy that leverages over 90-years of combined hands-on experience and in-depth understanding of acquiring and managing multi-tenant shopping centers. The REI Capital company currently manages $30 million of assets.,https://www.reicapitalgrowth.com/?utm_source=coincodex&utm_medium=referral,https://twitter.com/ReiGrowth,https://www.facebook.com/REICapitalGrowth/?modal=admin_todo_tour,,https://www.linkedin.com/company/rei-capital-growth/?viewAsMember=true,https://medium.com/rei-capital-growth,To be announced...,STO,-,n/a,$ 100.00M,,UNKOWN 100%/INVESTORS 0%,https://www.reicapitalgrowth.com/wp-download/?utm_source=coincodex&utm_medium=referral,,https://www.youtube.com/channel/UCMgv48HJbAlTBZiuKHjSp3A,,,,,,,,,,,,,,,,,,
SD26 ,SD26 ,(SD26) STO,"Well known NBA athlete Spencer Dinwiddie hired a broker-dealer Tritaurian Capital for his upcoming token offering. Spencer Dinwiddie is the founder and sole member of the new SD26 project, which he recently rebranded from SD8 LLC to SD26LC. SD26 LC is still being formalized, and there is not a lot of information about the upcoming project.",,,,,,,To be announced...,STO,-,n/a,n/a,,UNKOWN 100%/INVESTORS 0%,,,,,,,,,,,,,,,,,,,,,
Stakeey ,Stakeey ,(TBC) STO,We think the world of art collectors and the people from whom it originates is much more connected than art galleries would have us imagine and we believe the decentralized web will play a massive role in magnifying the fundamental peer to peer transactions upon which the art gallery model is built.,https://stakeey.com/?utm_source=coincodex&utm_medium=referral,https://twitter.com/stakeey_,https://www.facebook.com/stakeey/,,,,To be announced...,STO,$ 0.10,"$ 300,000","$ 500,000",,UNKOWN 95%/INVESTORS 5%,,,,,,https://github.com/Stakeey,,,,,,,,,,,,,,,
MegaTech ,MegaTech ,(MGT) STO,"MegaTech is a sustainability project that builds, owns, operates and manages energy storage facilities. Their main goal is to make energy clean, sustainable, green and constantly available.",https://megatechmgt.com/?utm_source=coincodex&utm_medium=referral,,,,,,"Dec 17, 2020 - Mar 17, 2021",STO,,,,,UNKOWN 100%/INVESTORS 0%,https://megatechmgt.com/#/whitepaper?utm_source=coincodex&utm_medium=referral,,,,,,,,,,0.00,,https://megatechmgt.com/#/onepaper,https://megatechmgt.com/#/technicalpaper,,,,,,,
Bitvested Token ,Bitvested Token ,(BVD) STO,"Bitvested wants to make cryptocurrency investments profitable for everyone. By connecting experienced traders and (beginning) investors, we create a win-win situation for both parties. Experienced traders can generate more profit by trading collective funds. Investors can be profitable without spending any time or effort themselves.",https://bitvested.com/?utm_source=coincodex&utm_medium=referral,https://twitter.com/bitvested,,https://instagram.com/bitvested,,,"Dec 4, 2020 - Dec 4, 2020",STO,,,,,,https://bitvested.com/bitvested_whitepaper_nl_v2?utm_source=coincodex&utm_medium=referral,https://t.me/bitvested,,https://wavesdesk.com/asset/4fYY4WJDqQzFLNuuBn4Wf1pdzE4ZsNEwtCfhhmeyXqD3,,,,,,,10.00M,,,,,,,,,,
Classic Car Coin ,Classic Car Coin ,(CCC) STO,"The Classic Car Coin is a Netherlands based project with its own CCC token. The team behind it plans to build a portfolio of Classic Car. Mainly the token is used as a security token, where token holders are entitled to the profits generated by the company.",https://www.classiccarcoin.io/?utm_source=coincodex&utm_medium=referral,https://twitter.com/classic_coin,,,,,"Nov 1, 2020 - Nov 30, 2020",STO,,,,,UNKOWN 56%/INVESTORS 44%,https://www.classiccarcoin.io/wp-content/uploads/2020/08/CCC-Whitepaper-EN-1.2.pdf?utm_source=coincodex&utm_medium=referral,,,https://etherscan.io/token/0x27AF43a1c90F446f5079C1E8b443256E0AF2bb80,,,,,,,0.00,,,,,,,,,,
CERLOS ,CERLOS ,(CERLOS) STO,"CERLOS is an eco-friendly, sustainable, high-performance building material that is fire, mold, rot and insect resistant.",https://cerlos.io/?utm_source=coincodex&utm_medium=referral,https://twitter.com/Moxy_CERLOS/,https://www.facebook.com/Moxyoid/,https://www.instagram.com/moxycerlos/,https://linkedin.com/company/moxyoid/,https://medium.com/@moxy_cerlos/,"Dec 1, 2019 - Nov 30, 2020",STO,,,,,,https://cerlos.io/wp-content/uploads/2020/02/Cerlos_Whitepaper_v4small.pdf?utm_source=coincodex&utm_medium=referral,,https://www.youtube.com/channel/UC-aWkf565-blgwQOo8AnhzQ/,,,,,,,,0.00,,,,,,,,,,
Money Plant Token ,Money Plant Token ,(MPT) STO,Money Plant Token wants to serve the medical and healthcare industry by allowing users to pay for hospitalization or emergency care anywhere in the world with their token.,https://moneyplanttoken.io/?utm_source=coincodex&utm_medium=referral,https://twitter.com/MPTOKEN,https://facebook.com/mpt.token.9,https://www.instagram.com/mpt.token/,https://www.linkedin.com/in/moneyplanttoken,https://medium.com/@mpteth,"Aug 27, 2020 - Sep 28, 2020",STO,$ 0.00432,,,,UNKOWN 98%/INVESTORS 2%,https://moneyplanttoken.io/whitepaper.pdf?utm_source=coincodex&utm_medium=referral,https://t.me/joinchat/RwhyGRckEbN2AUszVHM2lA,https://youtu.be/DZJrOZkam-Q,https://etherscan.io/token/0x2cC1bE643e0882fB096f7f96d2b6Ca079ad5270c,,https://github.com/MoneyPlantTokaen,https://www.reddit.com/user/moneyplanttoken,,,,180.00M,,,,https://discord.gg/nZQaYQ2,https://moneyplanttokenmpt.slack.com/,,,,,
Light Coin Group Token ,Light Coin Group Token ,(LCG) STO,"Light Coin Group, formerly known as the Light Touch Research Institute, was founded in 2017 in Europe. After researching with certain achievements, the team has founded Light Coin Group to bring their technological breakthroughs and scientific achievements to commercial activities through specific projects.",https://lightcoinex.com/?utm_source=coincodex&utm_medium=referral,https://twitter.com/lightcoinex,https://facebook.com/lightcoinex,,,https://medium.com/@lightcoinex,"Jul 20, 2020 - Sep 20, 2020",STO,,,,,UNKOWN 75%/INVESTORS 25%,,unsafe:ttps://t.me/lightcoinex,,,,,https://www.reddit.com/user/Lightcoinex,,mailto:mailto:support@lightcoinex.com,,250.00M,,,,,,,,,,
Zetanet ,Zetanet ,(ZTN) STO,"Zetanet is a blockchain 5.0 project with an internet protocol that allows high speed, more secure and truly free network. It runs on a multi-layered and authentication-enhanced scheme for information encryption based on Jack’s Law application that focuses on encryption and autonomous storage. The scheme encrypts the whole or parts of the data according to its owners’ authorization by cryptography.",https://www.zetanet.io/?utm_source=coincodex&utm_medium=referral,,https://www.facebook.com/zetanetcorp/,,https://www.linkedin.com/company/skipjack-corporation/,,"Sep 1, 2019 - Sep 1, 2020",STO,,,,,UNKOWN 100%/INVESTORS 0%,https://www.zetanet.io/docs/Zetanet_Blockchain_5%20_WhitepaperVer_1.pdf?utm_source=coincodex&utm_medium=referral,,,,,,,,mailto:mailto:support@zetanet.io,,0.00,,,,,,https://blog.goodaudience.com/@sirmike3375,,,,
Sapien Equity Token ,Sapien Equity Token ,(SET) STO,"The Sapien app is a user-friendly, decentralized cryptocurrency lightwallet, which also collects post-transactional data from the users in the form of ratings and reviews. The data will be stored on a decentralized network to prevent bias or tampering, this way we can ensure that the data being stored is completely trustworthy.",https://sapienwallet.com/equity-sale/?utm_source=coincodex&utm_medium=referral,https://twitter.com/HumanRanking,https://www.facebook.com/SapienWallet,,https://www.linkedin.com/company/sapien-wallet,https://medium.com/@sapien.wallet,"Apr 27, 2020 - Jul 26, 2020",STO,,,,,,https://cryptototem.com/wp-ico/img/new%20projects/Sapien/Sapien_WP.pdf?utm_source=coincodex&utm_medium=referral,https://t.me/sapien_bounty,,,https://bitcointalk.org/index.php?topic=5230617,,,,,,1.00M,,,,,,,,,,
Enercom AG ,Enercom AG ,(ETH) STO,Enercom AG is a token based on the Ethereum Blockchain with the goal to create solutions for the telecommunications and renewable energy sector.,https://www.enercom.ag/?utm_source=coincodex&utm_medium=referral,https://twitter.com/enercom_ag,https://www.facebook.com/EnercomLiechtenstein,,https://www.linkedin.com/company/enercomag,,"Nov 25, 2019 - May 30, 2020",STO,,,,,UNKOWN 95%/INVESTORS 5%,https://www.enercom.ag/wp-content/uploads/2019/11/Prospectus_FINAL_Enercom-AG_signed.pdf?utm_source=coincodex&utm_medium=referral,https://t.me/enercom,https://www.youtube.com/channel/UCC1abu9vyM9d3WuKkqQLsLg,,,,,,,,"2,500.00",,,,,,,https://www.enercom.ag/wp-content/uploads/2019/11/Prospectus_FINAL_Enercom-AG_signed.pdf,,,
BESS Coin ,BESS Coin ,(BES) STO,BESS Kraftwerke™ + Blockchain - technology The disruptive high performance technology The world's first physically backed crypto currency that combines stability with sustainable growth Each Stable BESS-Coin is backed by every kilowatt of electricity genereated by the BESS Kraftwerke™ and their physical value,https://www.bess-coin-mining.com/?utm_source=coincodex&utm_medium=referral,https://twitter.com/@BESScoin,https://www.facebook.com/BESS-Coin-217399192147917/,https://www.instagram.com/BioEnergon_ltd/,https://www.linkedin.com/pulse/disruptive-high-performance-technology-bess-power-plants-peter-busca/,,"Feb 1, 2019 - Apr 1, 2020",STO,,,,,UNKOWN 100%/INVESTORS 0%,https://www.bess-coin-mining.com/files/whitepaper-en.pdf?utm_source=coincodex&utm_medium=referral,https://t.me/BESScoin,,https://etherscan.io/token/0x2ca0f61091e270d3903a20f4d63075abe01562c1,,,https://www.reddit.com/r/CryptoCurrency/comments/85jib9/bess_coin_ico_the_worlds_first_physically_backed/,,,,1.30B,,,,,,,,,,
Black One ,Black One ,(BOEG) STO,"Black One is the first fully integrated entertainment company in the Western World. Utilizing Korea’s proven superstar-building approach to realize the ultimate ecosystem for top talent in music and creative fields that develops raw talent into sustainable global mega-brands. All while crafting one exciting world of content, products and experiences.",https://blackone-entertainment.com/?utm_source=coincodex&utm_medium=referral,https://twitter.com/blackoneent,https://www.facebook.com/blackoneentertainment/,https://www.instagram.com/blackoneentertainment/,https://www.linkedin.com/company/black-one-entertainment-group/,,"Dec 5, 2019 - Mar 1, 2020",STO,,,,,,https://drive.google.com/file/d/1CcOeJWedyBTAuX3FURKQrYiFBXWj8cn1/view?usp=drive_open&utm_source=coincodex&utm_medium=referral,,,,,,,,,,0.00,,,,,,,,,,
TRADECLOUD ,TRADECLOUD ,(TCST) STO,"TradeCloud is a bespoke platform, designed and developed specifically for the physical commodity markets.",https://sto.tradecloud.sg/?utm_source=coincodex&utm_medium=referral,https://twitter.com/tradecloudsto,,,https://www.linkedin.com/company/tradecloud-services-pte-ltd,https://medium.com/tradecloud,"Jun 1, 2019 - Feb 29, 2020",STO,,,,,UNKOWN 50%/INVESTORS 47%,https://sto.tradecloud.sg/wp-content/themes/tradecloud/assets/file/TradeCloud_whitepaper%20executive%20summary_print.pdf?utm_source=coincodex&utm_medium=referral,https://t.me/TradeCloud_STO,,,,,,,,,0.00,,,,,,,,,,
DCI Ecosystem ,DCI Ecosystem ,(DCI) STO,"DCI Ecosystem is the First Cross Asset Ecosystem where classic asset classes are made available with tokenized asset classes in one place. This opens to investors limitless opportunities of investment returns before unthinkable. Institutions, Private investors, Business comes together in one ecosystem!",https://dciecosystem.com/?utm_source=coincodex&utm_medium=referral,https://twitter.com/dciecosystem,https://www.facebook.com/dciecosystem/,https://www.instagram.com/dciecosystem/,https://www.linkedin.com/company/dciecosystem/,,"Aug 5, 2019 - Feb 23, 2020",STO,,,,,UNKOWN 100%/INVESTORS 0%,,https://t.me/dciecosystem,https://www.youtube.com/channel/UC9C_Ry3SDD8FVX1Uv4_JrUA,,,,,,,,40.80M,,,,,,,,,,
Robinhood Casino ,Robinhood Casino ,(RHC) STO,"Robinhood is the world's first casino where anyone can be a card dealer from the comfort of their home. Robinhood removes casino operators, similar to how Uber removed taxi operators.",https://robinhood.casino/?utm_source=coincodex&utm_medium=referral,,,,,,"Nov 1, 2019 - Feb 20, 2020",STO,,,,,UNKOWN 50%/INVESTORS 50%,https://firebasestorage.googleapis.com/v0/b/robinhood-7ba00.appspot.com/o/whitepaper%2Frobinhood_1.2.17.pdf?alt=media&token=01f68403-c466-42de-b52e-60d8997506df&utm_source=coincodex&utm_medium=referral,https://t.me/robinhoodcasino,,https://etherscan.io/address/0x35761531e03fc278f907e8bea1b496a9ae3a8aa0,,,,,,,5.00M,,,,,,,,,,
DigiShares ,DigiShares ,(DIGI) STO,"DigiShares is among the first in Europe to provide a white-label software platform that can be used for investment funds, real estate funds, and later stage startups to raise funding by issuing shares as tokens on the blockchain and offering them for sale.",https://www.digishares.io/?utm_source=coincodex&utm_medium=referral,https://twitter.com/DigiSharesDK,https://www.facebook.com/gosecuriti,,https://www.linkedin.com/company/gosecurity/,,"Jul 2, 2019 - Feb 1, 2020",STO,,,,,UNKOWN 90%/INVESTORS 10%,,https://t.me/joinchat/IHDMSU9kIUAuG5bmHjbaIw,,,,,,,mailto:mailto:info@gosecurity.io,,"106,300",,,,,,,,,,
SolarStake ,SolarStake ,(SLRS) STO,"Solarstake is an asset-backed token where each token represents 1 watt of installed and revenue-generating solar power.  Net revenues from the operation are reinvested into building out new solar installations, at which point additional Solarstake tokens are minted and distributed to existing token holders proportional to their holdings, thus retaining the 1 token = 1-watt relationship.  ",https://www.solarstake.io/?utm_source=coincodex&utm_medium=referral,https://twitter.com/solar_stake,,,,,"Aug 1, 2019 - Jan 31, 2020",STO,,,,,UNKOWN 83%/INVESTORS 8.5%,https://solarstake.io/documents/SolarStake%20Whitepaper.pdf?utm_source=coincodex&utm_medium=referral,,,https://etherscan.io/address/0x58e909941a62e58eb17e96035c78edebd3516b1b,,,,,,,0.00,,,https://t.me/solarstake,,,,,,,
DIC Token ,DIC Token ,(DIC) STO,"DIC token is a digital asset backed by DIC Resorts and Apartments being developed by DIC EAST DMCC FZE on Al Marjan Island. DIC Trading Ltd (HK), holding parent company of DIC EAST DMCC (the asset holder of the DIC Resorts development) is issuing the DIC Unit Tokens to accredited investors. Unit tokens are an asset-backed IOUs and they are a legally binding investment contract between the issuer and investors that entitles every Token holder a yearly remuneration plus a redemption premium at term.",https://www.dicresortoken.io/?utm_source=coincodex&utm_medium=referral,,,,,,"Apr 18, 2019 - Dec 31, 2019",STO,,,,,UNKOWN 83%/INVESTORS 10%,https://www.dicresortoken.io/theme-assets/images/whitepaper.pdf?utm_source=coincodex&utm_medium=referral,,,https://etherscan.io/address/0x263679bCbFd9b051629C1a56472Ba9377E9175b4,,,,,,,29.05M,,https://www.dicresortoken.io/theme-assets/images/one-page-teaser.pdf,,,,,,,,
Look Lateral ,Look Lateral ,(LOOK) STO,"Look Lateral’s vision is to enable global, open access to the art market via a blockchain-based technology platform allowing secure participation in art both as an asset class and a cultural asset.",https://www.looklateral.com/?utm_source=coincodex&utm_medium=referral,https://twitter.com/LookLateral,https://www.facebook.com/Look-Lateral-35717707466/,,https://www.linkedin.com/company/look-lateral/,https://medium.com/@looklateral,"Jan 8, 2019 - Dec 31, 2019",STO,,,,,UNKOWN 100%/INVESTORS 0%,https://www.looklateral.com/LLWhitePaper.pdf?utm_source=coincodex&utm_medium=referral,https://t.me/looklateralofficialchat,,,,,,,,,0.00,,,,,,,,,,
LOLTOKEN ,LOLTOKEN ,(LOL) STO,"The team behind the LOL project already owns and runs international kindergartens, primary and second schools, a business school for the past 20+ years, as well as most recently, added a French Government recognized and internationally accredited university to their already fascinating portfolio. They are redefining education with integrated Digital Learning Platform on our decentralized LOL ecosystem.",https://loleiu.io/?utm_source=coincodex&utm_medium=referral,https://twitter.com/coin_lol,https://www.facebook.com/EIUParis/,,,,"Apr 15, 2019 - Dec 15, 2019",STO,,,,,UNKOWN 55%/INVESTORS 20%,https://loleiu.io/docs/LOL_WP.pdf?utm_source=coincodex&utm_medium=referral,https://t.me/joinchat/G1P6Ag0hh6lVrk0pvRx1mA,https://www.youtube.com/channel/UCbSz92F1ZQ8JprflmD1II_g,,,,,,,,825.00M,,,,,,,,,,
Tokenomica ,Tokenomica ,(TKN) STO,"Tokenomica is the all-in-one financial platform for automated issuance, offering and trading of tokenized assets. At the core of the platform lies an entirely new asset class — smart security, which combines the legal essence of traditional securities (e. g. shares and bonds) with the cutting‑edge distributed ledger technology.",https://tokenomica.com/?utm_source=coincodex&utm_medium=referral,,,,,,"Oct 28, 2019 - Dec 15, 2019",STO,,,,,UNKOWN 100%/INVESTORS 0%,,,,https://coincodex.enjinx.io/eth/token/0xaaaf91d9b90df800df4f55c205fd6989c977e73a,,,,,,,0.00,,,,,,https://blog.tokenomica.com/,,,,
Bitcademy Football ,Bitcademy Football ,(BTMG) STO,"Bitcademy are football academies helping and empowering young players to achieve their dreams. They create and use new technologies, artificial intelligence and player predictions to make sure they have the best talent. Finally, with the use of marketplace powered by the blockchain to ensure fans participate in the game and create their future stars.",https://bitcademy.io/?utm_source=coincodex&utm_medium=referral,https://twitter.com/bitcademyfb,https://www.facebook.com/bitcademyfootball/,,,https://medium.com/@bitcademyfb,"May 1, 2019 - Nov 30, 2019",STO,,,,,UNKOWN 50%/INVESTORS 15%,https://bitcademy.io/files/Bitcademy_Whitepaper.pdf?utm_source=coincodex&utm_medium=referral,https://t.me/bitcademyfb,https://www.youtube.com/channel/UCtcmIetjsquyQybiKkKOjzg,,https://bitcointalk.org/index.php?topic=4886052.0,https://github.com/bitcademyfb,https://www.reddit.com/r/bitcademyfb/,,mailto:mailto:contact@bitcademy.io,,500.00M,,,,https://discordapp.com/channels/469211726634680320/505314957789757440,https://bitcademy.slack.com/,,,,,
Isonex Capital ,Isonex Capital ,(IX15) STO,IX15 leverages the low stock-and-bond correlation of digital currencies and is designed to diversify investments from traditional asset classes that are strongly connected to overall financial fundamentals — a real hedge against inevitable market cyclicality and imminent financial unrest.,https://www.isonex.io/?utm_source=coincodex&utm_medium=referral,https://twitter.com/isonexcapital,https://www.facebook.com/isonexcapital,,,https://medium.com/isonex,"Jul 15, 2019 - Nov 29, 2019",STO,,,,,UNKOWN 93%/INVESTORS 5%,https://www.isonex.io/documents/whitepaper?utm_source=coincodex&utm_medium=referral,https://t.me/isonexchat,https://www.youtube.com/channel/UCX3NQAiRqUwAFnXxDs-NWJA,https://etherscan.io/address/0x93d2b9446d04b5cefc17bbe354c0098b00439878,,,https://www.reddit.com/r/isonex,,,,15.00M,,,,,,,,,,
Project Crowd AG ,Project Crowd AG ,(PCT) STO,"Project Crowd will address and resolve several of the fundamental issues affecting employers, recruiters and freelancers with the development of the “Prowd” platform. Issues such as trust, cultural fit, time to hire, efficiency, and costs. By combining a range of technologies including AI to simplify the search for qualified external specialists with functionality based on Blockchain technology, Prowd will deliver unprecedented potential and ground-breaking results in recruitment and employment. The Prowd platform is making it easier and more efficient for everyone involved in the freelance employment process. In short, the Prowd platform will connect companies and recruiters to the growing freelancer community in a unique, efficient and trusted new way delivering greater value to the entire industry.",https://www.prowd.io/?utm_source=coincodex&utm_medium=referral,https://twitter.com/_ProjectCrowd,https://facebook.com/projectcrowd.io,https://instagram.com/prowd_io/,https://linkedin.com/company/projectcrowd,,"Oct 15, 2019 - Nov 29, 2019",STO,,,,,UNKOWN 100%/INVESTORS 0%,https://projectcrowd.weown.com/?utm_source=coincodex&utm_medium=referral,http://t.me/projectcrowd,https://www.youtube.com/watch?v=LV70-ujAefo,,,,,,,,0.00,,,,,,,,,,
Rokkex ,Rokkex ,(RKX) STO,ROKKEX is a next generation crypto exchange with a foundation of security and performance. ROKKEX enables both the beginner and advanced trader to exchange crypto assets instantly with maximum safety.,https://www.rokkex.com/sto/?utm_source=coincodex&utm_medium=referral,https://twitter.com/Rokkex_CH,https://www.facebook.com/rokkex/,,https://www.linkedin.com/company/rokkex,https://medium.com/@rokkex,"Aug 26, 2019 - Nov 18, 2019",STO,,,,,,https://www.rokkex.com/wp-content/uploads/2019/05/RKX_WP.pdf?utm_source=coincodex&utm_medium=referral,https://t.me/RokkexOfficial,,https://etherscan.io/token/0xead6bc168c5ff906ea51ca1693cb3df63041f384,,,https://www.reddit.com/r/Rokkex,,,,20.39M,,,,,,,,,,
Ophelius Labs ,Ophelius Labs ,(OPPL) STO,Programmable Tokens + A.I. + 3D Printing,https://www.opheliuslabs.com/?utm_source=coincodex&utm_medium=referral,https://twitter.com/OpheliusLabs,https://www.facebook.com/ophelius.labs.3,,,,"Jul 15, 2019 - Oct 31, 2019",STO,,,,,UNKOWN 60%/INVESTORS 10%,,https://t.me/OpheliusLabs,,,https://bitcointalk.org/index.php?topic=5167820,,https://www.reddit.com/r/OpheliusLabs/,,,,3.04B,,,,https://discord.gg/GbyWHcv,,,,,,
Taia ,Taia ,(TAIA) STO,Taia aims to revolutionize the B2B sensitive translations that utilize Ethereum blockchain technology and Taia's own AI and Neural network by ensuring the security and quality of smart contracted translations.,https://taia.io/?utm_source=coincodex&utm_medium=referral,https://twitter.com/TAIA_io,https://www.facebook.com/TAIAmarketplace/,,https://www.linkedin.com/company/taia-translation/,https://medium.com/taiamarketplace,"Feb 28, 2019 - Oct 31, 2019",STO,,,,,UNKOWN 65%/INVESTORS 10%,,https://t.me/taiasto,https://www.youtube.com/channel/UCUpG64bi5tqm1OCSo5ui_Xw?disable_polymer=true,,,,,,,,0.00,,https://taia.io/TAIA-onepager.pdf,,,,,https://www.google.com/,,,
WANT Marketplaces ,WANT Marketplaces ,(WNT) STO,WANT Marketplaces is a shopping search engine which is among the finest on the planet.,https://benipal.com/?utm_source=coincodex&utm_medium=referral,https://twitter.com/wantmarketplace,https://facebook.com/wantmarketplaces,,https://www.linkedin.com/company/benipal-sa,https://medium.com/@wantmarketplaces,"Jun 26, 2019 - Oct 31, 2019",STO,,,,,UNKOWN 72%/INVESTORS 13%,https://benipal.com/assets/files/WANT_Marketplaces_STO_White_Paper_V1.pdf?utm_source=coincodex&utm_medium=referral,https://t.me/wantmarketplaces,,,https://bitcointalk.org/index.php?topic=5156974,https://github.com/wantmarketplaces,https://www.reddit.com/r/wantmarketplaces,,,,100.00M,,,,,https://join.slack.com/t/wantmarketplaces/shared_invite/enQtNjYxMDkyODYzMjU1LTM0YTc2NWI3NGEzNjFiNWI2ZjcyZDFiODQwNDZhYjU1MzIzYmYxMDFmZTcwYzVkM2QwYjk5ODEzM2JhOTZhZjg,,,,,
Divider ,Divider ,(DIVID) STO,Divider aims to bring the benefits of masternode & POS cryptocurrencies to the mainstream by offering an easy way to invest and do all the work for them. Divider invests in quality masternode and POS crypto projects with a high return of investment (ROI) expectation. The masternodes and staking activities are run on a server infrastructure owned by Divider. Revenue from this is shared with holders of the Divider token. Holders of the Divider token benefits from different masternode and POS projects without high investments and difficult implementation and maintenance.,https://www.dividertoken.com/?utm_source=coincodex&utm_medium=referral,https://twitter.com/DividerToken,https://www.facebook.com/DIVIDERTOKEN/,,,,"Jun 1, 2019 - Oct 1, 2019",STO,,,,,UNKOWN 80%/INVESTORS 10%,https://www.dividertoken.com/images/divider-whitepaper.pdf?utm_source=coincodex&utm_medium=referral,https://t.co/bIt94hcJPO,,,https://bitcointalk.org/index.php?topic=5119114.0,,https://www.reddit.com/user/Dividertoken,,,,48.00M,,,,https://discord.gg/SQnvqHP,,,,,,
Ledgity ,Ledgity ,(LTY) STO,"Ledgity is a platform and mobile application fully dedicated to Security Tokens, starting from their issuance to their exchange. Users get access to a technology that is 100% compliant with applicable laws and regulations governing security tokenization.",https://ledgity.com/?utm_source=coincodex&utm_medium=referral,https://twitter.com/ledgityplatform,https://www.facebook.com/ledgity/,,https://www.linkedin.com/company/ledgity/,https://medium.com/ledgity,"Jul 1, 2019 - Sep 30, 2019",STO,$ 0.11,,,,UNKOWN 63%/INVESTORS 37%,,https://t.me/ledgity,https://www.youtube.com/channel/UCoVl6zbVd8g9FKdp0kuwsag,,https://bitcointalk.org/index.php?topic=5028116.0,,https://www.reddit.com/user/ledgity,,,,370.00M,,,,,,,,,,
Stacks ,Stacks ,(STX) STO,Stacks is an open-source and developer-friendly blockchain-based network that allows users to develop decentralized applications and smart contracts on the Blockstack network. The team behind Stacks aims to offer the same security Bitcoin has while also the expressivity that is required for developing DApps. ,http://stacks.co/?utm_source=coincodex&utm_medium=referral,https://twitter.com/Stacks,https://forum.stacks.org/,,,,"Nov 13, 2017 - Sep 9, 2019",STO,$ 0.30,,,,UNKOWN 60%/INVESTORS 40%,https://gaia.blockstack.org/hub/1AxyPunHHAHiEffXWESKfbvmBpGQv138Fp/stacks.pdf?utm_source=coincodex&utm_medium=referral,https://t.me/BlockstackChat,,https://explorer.stacks.co/,,https://github.com/blockstack,,,,,180.33M,,,,,,https://blog.blockstack.org/,,,,
MinedBlock ,MinedBlock ,(MBTX) STO,"MinedBlock offers the opportunity for investors to purchase the projects ST20 Security Token which is a digital asset backed by a corresponding Preference Share in MinedBlock Holding Limited (the Special Purpose Vehicle) that enables holders to receive a revenue share produced by our mining farms. Collectively, MBTX token holders will own 95% of the Special Purpose Vehicle and the associated costs and revenue so, therefore, will receive the revenue share each month based on the profit generated. Revenue will be shared respectively and equally between all token holders on a ‘payout per token’ model.",https://dashboard.minedblock.io/?utm_source=coincodex&utm_medium=referral,,,,,,"Jan 28, 2019 - Aug 31, 2019",STO,,,,,UNKOWN 91%/INVESTORS 9%,https://www.minedblock.io/assets/MinedBlockWhitepaper.pdf?utm_source=coincodex&utm_medium=referral,,,,,,,,,,365.00M,,,,,,,,,,
INDX Capital ,INDX Capital ,(INDX) STO,"INDX is the world’s leading tokenized Masternode investment fund. INDX token owners earn regular passive income through distribution of aggregated Masternode rewards. The proprietary algorithm scans the market for available Masternodes, builds an optimal Masternode portfolio that generates a yield from the stake in the Masternodes funded through capital raised from sale of INDX tokens. The fund then distributes 50% of net yield as a quarterly dividend to token holders and the remaining 50% is reinvested back into the portfolio to grow the token NAV on exchanges.",https://indx.capital/?utm_source=coincodex&utm_medium=referral,https://twitter.com/INDX_CAPITAL,,,https://www.linkedin.com/company/indx.capital/,https://medium.com/indx-capital,"Jul 1, 2019 - Aug 30, 2019",STO,,,,,UNKOWN 83%/INVESTORS 8%,https://indx.capital/files/INDX_Group_Whitepaper.pdf?utm_source=coincodex&utm_medium=referral,,https://www.youtube.com/channel/UCMUAKlMfCepyfnfXCnA4Y7Q?disable_polymer=true,,,,,,,,50.00M,,,,,,,,,,
OZOTOP ,OZOTOP ,(OZO) STO,"OZOTOP is the decentralized expert's community and self-regulating robonomic society model supported by smart-contracts, robots, and bots based on Telegram Open Network blockchain.",https://ozotop.io/?utm_source=coincodex&utm_medium=referral,https://twitter.com/OZOTOP2,https://www.facebook.com/ozotop33,,https://www.linkedin.com/company/ozotop,https://medium.com/@ozotop,"Aug 8, 2019 - Aug 30, 2019",STO,,,,,UNKOWN 51%/INVESTORS 25%,https://ozotop.io/wp-content/uploads/2019/07/OZOTOP_White_Paper_888.pdf?utm_source=coincodex&utm_medium=referral,https://t.me/ozotop,https://www.youtube.com/channel/UC-_exNmJ7rSld59QF9J0u1g,,,https://github.com/Ozotop,https://www.reddit.com/user/OZO_TOP,,,,,,,,,,,,,,
Algotrading ,Algotrading ,(ALGO) STO,Algotrading is Institutional-Grade Automated Trading Software and Executing Multi-Asset Trading Strategies.,https://algotrading.ltd/?utm_source=coincodex&utm_medium=referral,https://twitter.com/algotrading_ltd,https://www.facebook.com/algotrading.ltd/,,https://www.linkedin.com/in/vakovalev1/,,"Jul 1, 2019 - Aug 16, 2019",STO,,,,,UNKOWN 70%/INVESTORS 10%,https://algotrading.ltd/Algotrading_Whitepaper.pdf?utm_source=coincodex&utm_medium=referral,,,https://etherscan.io/token/0x57c1a7b7e576ad092791689b2ca5311cc5428ff2,https://bitcointalk.org/index.php?topic=5158756,,,,,,"700,000",,,,,,,,,,
Stellerro ,Stellerro ,(STRO) STO,"As the bridge between traditional capital markets and the innovative world of digital securities backed by Blockchain technologies, Stellerro™ has aligned with top global financial institutions and investment funds as a dedicated partner to enhance the integration of both ecosystems.",https://www.stellerro.com/?utm_source=coincodex&utm_medium=referral,https://twitter.com/stellerro,https://www.facebook.com/Stellerro/,,https://www.linkedin.com/company/stellerro-ltd/,https://medium.com/stellerro,"Jun 2, 2019 - Aug 16, 2019",STO,,,,,UNKOWN 85%/INVESTORS 15%,,,,,,,,,mailto:mailto:Info@Stellerro.com,,6.80M,,,,,,,,,,
Bitbond Token ,Bitbond Token ,(BB1) STO,The Bitbond Token is Germany's first security token that aims to make business lending globally accessible with their new blockchain based global lending platform.,https://www.bitbondsto.com/?utm_source=coincodex&utm_medium=referral,https://twitter.com/bitbond,https://www.facebook.com/Bitbond/,,,,"Mar 11, 2019 - Aug 7, 2019",STO,,,,,UNKOWN 100%/INVESTORS 0%,https://www.bitbondsto.com/files/bitbond-sto-prospectus.pdf?utm_source=coincodex&utm_medium=referral,https://t.me/BitbondSTOen,https://www.youtube.com/user/Bitbond,,,,,,mailto:mailto:invest@bitbondsto.com,,0.00,https://www.bitbondsto.com/files/bitbond-sto-lightpaper.pdf,,,,,,,,,
Blueshare ,Blueshare ,(BST) STO,"Blueshare is a blockchain based project that offers BST security tokens, that represent tokenized equity capital participation shares of Interprom Mining AG, a Swiss-based consolidated company.",https://www.blueshare.io/?utm_source=coincodex&utm_medium=referral,https://twitter.com/BlueshareToken,https://www.facebook.com/Blueshare.io/,,https://www.linkedin.com/company/blueshare/,https://medium.com/blueshare,"May 6, 2019 - Aug 3, 2019",STO,,,,,UNKOWN 100%/INVESTORS 0%,https://www.blueshare.io/white-paper?utm_source=coincodex&utm_medium=referral,,https://www.youtube.com/channel/UCo67mUHL6-iDqj1jmzFa7ag,,,,,,,,80.00M,,,,,,,,,,
BlockState ,BlockState ,(BKN) STO,BlockState is a Swiss security token platform for non-bankable assets such as SME equity and debt or real estate. We digitise assets to directly connect issuers and investors. ,https://blockstate.com/?utm_source=coincodex&utm_medium=referral,https://twitter.com/blockstate_com,https://www.facebook.com/blockstatefinance/,,https://www.linkedin.com/company/blockstate/,https://medium.com/blockstate-finance,"Jun 18, 2019 - Jul 12, 2019",STO,,,,,UNKOWN 91%/INVESTORS 9%,http://blockstate.com/blockstate_companydeck/?utm_source=coincodex&utm_medium=referral,https://t.me/BlockState,,,,,https://www.reddit.com/r/blockstate,,,,"10,000",,,,,,,,,,
FilmBusinessBuster ,FilmBusinessBuster ,(FBB) STO,"The Film Business Buster™ Smart Contract will enable all New Film Token holders to a) access The Screenplay,Letters of Intent and Financial Records, b) exercise voting rights on five critical financing gates which enable the successive filmmaking process and/or film business cycle stages and c) receive in perpetuity the net profits from all the New Film´s multiple revenue sources. The Film Business Buster™ will also enable highly talented but industry-excluded screenwriters to d) submit Screenplays for Estudios Amazonia to review, select,executive-produce and co-produce according to predefined criteria, including story quality, film budget and their target market-audience opportunity, among other elements later to be published.",http://filmbusinessbuster.com/?utm_source=coincodex&utm_medium=referral,https://twitter.com/FBB_Token,https://www.facebook.com/FilmBusinessBuster/,,,https://medium.com/@flickmaking,"Apr 15, 2019 - Jun 30, 2019",STO,,,,,UNKOWN 51%/INVESTORS 49%,https://estudios-amazonia.com/FilmBusinessBuster_WP.pdf?utm_source=coincodex&utm_medium=referral,https://t.me/FilmBusinessBuster,,,https://bitcointalk.org/index.php?topic=5120755,https://github.com/estudios-amazonia/FilmBusinessBuster,https://www.reddit.com/u/FBB_Token/,,,,"490,000",,,,,,,,,,
TokenData ,TokenData ,(TDA) STO,TokenData is an asset back token and the TDA token is the first European security token powered by Ethereum to offer its holders a unique quarterly share profit distribution.,https://tokendata.ai/?utm_source=coincodex&utm_medium=referral,https://twitter.com/tokendataai/,https://www.facebook.com/TokenData-1884067325220498/,,https://www.linkedin.com/company/tokendata-ai/,https://medium.com/@tokendataICO/,"Dec 1, 2018 - Jun 30, 2019",STO,,,,,UNKOWN 100%/INVESTORS 0%,,https://t.me/tokendataofficial,,,,,https://www.reddit.com/user/tokendataico/,,mailto:mailto:hello@tokendata.ai,,0.00,,,,https://discordapp.com/channels/484700860094349312/,,,,,,
TapJets ,TapJets ,(TJA) STO,TapJets is a real-time private jet booking platform that connects clients with a private jet that's ready to take you to your destination.,https://www.tapjets.io/?utm_source=coincodex&utm_medium=referral,https://twitter.com/tapjets,https://www.facebook.com/TapJets/,https://www.instagram.com/tapjets/,https://www.linkedin.com/company/10475529/,https://medium.com/@eugenekesselman,"Mar 15, 2019 - Jun 15, 2019",STO,,,,,UNKOWN 70%/INVESTORS 30%,https://tfmedia.azureedge.net/media/docs/Pitch_Deck_Public_Final.pdf?utm_source=coincodex&utm_medium=referral,https://telegram.me/TeamTapjets,https://www.youtube.com/channel/UCoa5U5SNQMzodb0mHSeCsuA,,https://bitcointalk.org/index.php?topic=5119445.msg50119737#msg50119737,https://github.com/search?q=TapJets,https://www.reddit.com/user/TapJetsFounders,,,,6.00M,,,,,,,,,,
HYGH ,HYGH ,(HYGH) STO,"HYGH is a game-changing peer-to-peer advertising network and content management system, which is set to revolutionize the $600bn advertising industry by allowing brands of any size to connect with the consumer of tomorrow, today.",https://hygh.tech/?utm_source=coincodex&utm_medium=referral,https://twitter.com/hyghag,https://www.facebook.com/hyghag/,https://www.instagram.com/hygh_official/,,https://medium.com/hygh-tech,"Jan 7, 2019 - Jun 7, 2019",STO,,,,,UNKOWN 60%/INVESTORS 20%,https://hygh.tech/docs/HYGH-Paper.pdf?utm_source=coincodex&utm_medium=referral,https://t.me/hyghag,https://www.youtube.com/channel/UCMeZRN85xZQmvcbMEQyEunA,,,,https://reddit.com/r/HYGH/,,,,600.00M,,,,,,,,,,
Thaler One ,Thaler One ,(TLR) STO,"Thaler.One combines a Fund regulated under the laws of the European Union with a Marketplace for listing of individual real estate assets, all SEC compliant.Thaler.One digital securities provide investors with a stable income that results both from real estate rental and from operating income of online platform, that allows building individualized real estate portfolios.",https://thaler.one/?utm_source=coincodex&utm_medium=referral,https://www.twitter.com/thalerone,https://www.facebook.com/thalerone/,,,https://medium.com/thaler-one,"Mar 10, 2019 - May 31, 2019",STO,,,,,UNKOWN 88%/INVESTORS 12%,https://thaler.one/files/white_paper.pdf?utm_source=coincodex&utm_medium=referral,https://t.me/thaleroneproject,,,,,,,,,88.00M,,,,,,,,,,
Cryptobirds ,Cryptobirds ,(XCB) STO,Crypto Birds Platform is the first STO regulated in Spain.,https://www.cryptobirds.com/?utm_source=coincodex&utm_medium=referral,https://twitter.com/CryptoBirds,https://www.facebook.com/cryptobirds,,,https://medium.com/@cryptobirdsplatform,"Apr 23, 2019 - May 28, 2019",STO,,,,,UNKOWN 45%/INVESTORS 36%,https://www.cryptobirds.com/images/crypto-birds-platform-whitepaper-en.pdf?utm_source=coincodex&utm_medium=referral,https://t.me/CryptoBirdsGroup,https://www.youtube.com/channel/UCdm_1Ki_pbx6dchKkMrhDZA,,,,,,,,200.00M,,,,,,,,https://steemit.com/@cryptobirds,,
Gainfy ,Gainfy ,(GAIN) STO,"Gainfy is a tech company that wants to change the healthcare industry with the aid of blockchain, AI and IoT.",https://gainfy.com/token-gainfy/?utm_source=coincodex&utm_medium=referral,http://www.twitter.com/gainfy,http://www.facebook.com/gainfy,,https://www.linkedin.com/company-beta/11247412,https://medium.com/@Gainfy,"Sep 24, 2018 - May 16, 2019",STO,,,,,UNKOWN 40%/INVESTORS 30%,https://gainfy.com/wp-content/uploads/2018/08/Gainfy_WhitePaper_V.9.1-min.pdf?utm_source=coincodex&utm_medium=referral,https://t.me/gainfy_chat,,,,https://github.com/gainfy,,,mailto:mailto:team@gainfy.com,,200.00M,,,,,,,,,https://plus.google.com/101329400646285796969?hl=en,
Blockport Security ,Blockport Security ,(BPS) STO,"Blockport is the first social cryptocurrency exchange. In order to achieve mass-adoption of cryptocurrency, it has to easy-to-use for everyone. Therefore, Blockport builds a user-friendly platform that is connected to external exchanges to aggregate liquidity and offer this directly to their users for the best prices. Moreover, Blockport will be built on a hybrid-decentralized architecture that allows the user to store their funds on the blockchain and manage their private keys all from the Blockport platform, whilst also having access to a high-performance and easy-to-use trading facility. The unique social copy-trading features of Blockport allow beginners to follow and/or copy experienced traders on the platform, and experienced traders are incentivized to share their trading activities with beginners because they earn Blockport's native token BPT as a reward!",https://blockport.io/sto?utm_source=coincodex&utm_medium=referral,https://twitter.com/blockportio,https://www.facebook.com/blockport,,,,"Mar 31, 2019 - May 15, 2019",STO,,,,,UNKOWN 80%/INVESTORS 20%,https://files.blockport.io/file/BlockportWhitepaperV2.pdf?utm_source=coincodex&utm_medium=referral,https://t.me/blockport,,,,,https://www.reddit.com/r/Blockport/,,mailto:mailto:support@blockport.io,,0.00,,,,,,,,,,https://vimeo.com/user94430288
everiToken ,everiToken ,(EVT) STO,"The everiToken is a blockchain based project that is developed for real business with lightning-fast crypto payments, and secure and simple contracts.",https://www.everitoken.io/?utm_source=coincodex&utm_medium=referral,https://twitter.com/EveriToken,https://www.facebook.com/everiToken,,,https://medium.com/@everitoken,"May 10, 2019 - May 12, 2019",STO,$ 0.10,,,,UNKOWN 55%/INVESTORS 45%,https://everitoken.io/docs/whitepaper.pdf?utm_source=coincodex&utm_medium=referral,https://t.me/everitoken,,https://explorer.binance.org/asset/EVT-49B,https://bitcointalk.org/index.php?topic=5135610,https://github.com/everitoken,https://www.reddit.com/r/everitoken/,,,,1.00B,,,,,,,,,,
CRUZEO ,CRUZEO ,(CRZ) STO,The CRUZEO Protocol aims to empower the service economy by introducing a versatile toolbox for service providers and developers to build cheap and highly scalable decentralized marketplaces without prior programming experience.,https://cruzeo.io/?utm_source=coincodex&utm_medium=referral,https://twitter.com/Cruzeo_io,https://www.facebook.com/cruzeo.io/,,https://www.linkedin.com/company/cruzeo/,https://medium.com/cruzeo,"Apr 1, 2019 - Apr 30, 2019",STO,,,,,UNKOWN 50%/INVESTORS 50%,https://docsend.com/view/9pp5d3e?utm_source=coincodex&utm_medium=referral,https://t.me/cruzeo,,,,,https://www.reddit.com/r/cruzeo,,,,200.00M,,,,,,,,,,
edeXa ,edeXa ,(EDE) STO,"io-market founded the company edeXa AG, which will be one of the first companies worldwide to offer its thousands of existing customers the concrete processing of real transactions on the Blockchain. The Blockchain technology enables electronic invoices to be stored in a forgery-proof manner because manipulations of documents are immediately detected and prevented by dozens of decentralized servers. This high level of security without central intermediaries is one of the special advantages of modern blockchain technology.",https://edexa.io/?utm_source=coincodex&utm_medium=referral,https://twitter.com/edexablockchain,https://www.facebook.com/EDEXA-302612773660046/,,https://www.linkedin.com/company/edexablockchain/,,"Dec 18, 2018 - Apr 30, 2019",STO,,,,,UNKOWN 75%/INVESTORS 20%,https://edexa.io/WhitePaper_edeXa_V01.pdf?utm_source=coincodex&utm_medium=referral,https://t.me/edeXa,,,,,,,mailto:mailto:media@edexa.io,,15.00M,,,,,,,https://edexa.io/en/gtc/,,,
MilCoin ,MilCoin ,(MIL) STO,"The MilCoin Network is a visionary project aimed at becoming a global leader in real estate acquisition, development and operations of oceanfront resorts and entertainment. Its mission is to become a driver of tourism and community development, a model for sustainable land use and business practices and an innovator in technologies that shape the way investors conduct transactions. ",https://www.milcoin.io/?utm_source=coincodex&utm_medium=referral,https://twitter.com/@LtdLatam,https://www.facebook.com/Milcoin-943643289165155,https://www.instagram.com/latamoceanre/,,https://medium.com/@milcoinnetwork,"Jan 22, 2019 - Apr 30, 2019",STO,,,,,UNKOWN 100%/INVESTORS 0%,https://www.milcoin.io/whitepaper.pdf?utm_source=coincodex&utm_medium=referral,https://t.me/milcoinnetwork,https://www.youtube.com/channel/UCYEztLedyeU1-ZktYgWY0Fw,,,https://github.com/milcoinnetwork/milcoin,https://www.reddit.com/user/milcoin,,,,2.00M,,,,,,,,,,
Sonata.ai ,Sonata.ai ,(SONT) STO,Sonata is an exchange platform created in cooperation with experienced exchange brokers and Forex analytics. ,https://sonata.ai/?utm_source=coincodex&utm_medium=referral,https://twitter.com/Sonata_ai,https://www.facebook.com/sonata.cryptoexchange,,https://www.linkedin.com/company/sonata-ai/,https://medium.com/@sonata_exchange,"Oct 8, 2018 - Apr 30, 2019",STO,,,,,UNKOWN 50%/INVESTORS 25%,https://sonata.ai/documents/whitepaper-en.pdf?utm_source=coincodex&utm_medium=referral,https://t.me/joinchat/IwX6Zg-NhB3cJK1hPfbzVw,https://www.youtube.com/channel/UClGMr5_1zktOxmOdd9mUq5A,,,,https://www.reddit.com/user/Sonata-ai,,,,250.00M,,,,https://discord.gg/j9W9kef,,,,,,
Renovato ,Renovato ,(VATO) STO,Renovato is a blockchain-based advanced multi crypto exchange platform with innovative features for traders.,https://renovato.io/?utm_source=coincodex&utm_medium=referral,https://twitter.com/Renovato_STO,https://www.facebook.com/Renovato-Exchange-402589347182826,,,,"Feb 25, 2019 - Apr 30, 2019",STO,,,,,UNKOWN 100%/INVESTORS 0%,https://renovato.io/wp-content/uploads/2019/02/RENOVATOFX.pdf?utm_source=coincodex&utm_medium=referral,https://telegram.me/Renovato_Exchange,,,,,,,mailto:mailto:token@renovato.io,,0.00,,,,,,,,,,https://vimeo.com/user95090119
MOBU ,MOBU ,(MOBU) STO,MOBU is a decentralized organised ICO platform and end-to-end solution for launching compliant security tokens on the blockchain. ,https://www.mobu.io/?utm_source=coincodex&utm_medium=referral,https://twitter.com/MobuICO,https://web.facebook.com/MobuICO/,https://www.instagram.com/MobuICO/,,https://medium.com/mobu-io,"Sep 1, 2018 - Apr 30, 2019",STO,,,,,UNKOWN 80%/INVESTORS 12%,https://www.mobu.io/assets/mobu_whitepaper.pdf?80172489074&utm_source=coincodex&utm_medium=referral,https://t.me/mobuCHAT,https://www.youtube.com/watch?v=OEkbAX_hu_4,,https://bitcointalk.org/index.php?topic=3412875,,https://www.reddit.com/r/Mobu/,,,,280.00M,,,,,,,,,,
Bolton Coin ,Bolton Coin ,(BFCL) STO,"Bolton Coin offers a new and unique approach to investing in the crypto sphere, generating aggregates profits from tangible luxurious markets such as gold and diamonds mining, real estate, integrated by eco-sustainable energy and extraordinary form of BTC crypto-mining.",https://bfclcoin.com/?utm_source=coincodex&utm_medium=referral,https://twitter.com/BfclCoin,http://www.facebook.com/BFCLcoin,https://www.instagram.com/bfclcoin/,https://www.linkedin.com/company/bfcl-coin/,https://medium.com/@bfclcoin,"Aug 20, 2018 - Apr 15, 2019",STO,,,,,UNKOWN 54%/INVESTORS 33%,https://bfclcoin.com/pdf/bfclcoin_en.pdf?utm_source=coincodex&utm_medium=referral,https://t.me/joinchat/KLdFPRB1sKHrZ4G3Ax8Ucw,https://www.youtube.com/channel/UCvuB4ZrgOp5BgEVCpB1JqWg,,https://bitcointalk.org/index.php?topic=5083418.msg48603401#msg48603401,,https://www.reddit.com/user/BFCLCoin,,,,548.79M,https://bfclcoin.com/light-paper/,,,https://discord.gg/Xt6TyPy,,,,,,
Orbis ,Orbis ,(ORBS) STO,"ORBIS is a unique blockchain solution, with two coins available to users that allow them to withdraw, transfer, spend, and invest fiat money or cryptocurrencies with no fees, no wait times, and no middle man.",https://orbistransfer.com/?utm_source=coincodex&utm_medium=referral,https://twitter.com/OrbisToken,https://facebook.com/orbistoken,https://www.instagram.com/orbis_token/,,,"Nov 1, 2018 - Apr 15, 2019",STO,,,,,UNKOWN 70%/INVESTORS 30%,https://orbistransfer.com/#whitepaper?utm_source=coincodex&utm_medium=referral,https://t.me/orbisgroup,https://www.youtube.com/channel/UCRw-ywlW76rIXMY1p21U0AQ,https://coincodex.enjinx.io/eth/token/0xff56cc6b1e6ded347aa0b7676c85ab0b3d08b0fa,,https://github.com/1Orbis,https://www.reddit.com/user/OrbisTransfer,,,,80.00M,,,,,,,,,,
CURES ,CURES ,(CRS) STO,"CURES Token has been forged out of a desire to help address this problem, by decentralizing the health care system, empowering patients, health applications developers, medical service providers and equipment suppliers, embracing innovative technology in order to reduce costs and maximize scarce resources within the sector, creating near virtual competition, capitalizing on synergy which in turn adds value to all relevant stakeholders.",https://www.curestoken.com/?utm_source=coincodex&utm_medium=referral,https://twitter.com/CuresToken,https://www.facebook.com/curestoken,https://instagram.com/curestoken,https://www.linkedin.com/company/curestoken,,"Dec 1, 2018 - Mar 31, 2019",STO,,,,,UNKOWN 65%/INVESTORS 35%,https://s3.eu-central-1.amazonaws.com/curestoken/CuresToken+Whitepaper.pdf?utm_source=coincodex&utm_medium=referral,https://t.me/curestoken_community,,,https://bitcointalk.org/index.php?topic=5069816,,,,,,175.00M,,https://s3.eu-central-1.amazonaws.com/curestoken/CuresToken+Shortpaper.pdf,,,,,,,,
Secret Trees ,Secret Trees ,(STCT) STO,Secret Tree's objective is to create an ecosystem where the production of hemp and the materials and products it offers can benefit producers and consumers alike and provide a positive environmental impact.,https://secrettrees.io/?utm_source=coincodex&utm_medium=referral,https://twitter.com/secr3ttrees,https://www.facebook.com/secr3ttrees/,,,,"Nov 30, 2018 - Mar 31, 2019",STO,,,,,UNKOWN 100%/INVESTORS 0%,https://secrettrees.io/landing/assets/STHempPaper13.3.pdf?utm_source=coincodex&utm_medium=referral,https://t.me/joinchat/G93k-gsFXHcgoOgRhpicLw,https://www.youtube.com/channel/UCQBHZ2-yje4QDW7jnVDbx0Q,,,,,,,,0.00,,,,,,,,,,
Sovren Exchange ,Sovren Exchange ,(SVRN) STO,Sovren is a blockchain based investment platform created to bridge the gap between traditional online trading and tokenized securities investment.,https://sovren.app/?utm_source=coincodex&utm_medium=referral,https://twitter.com/SOVREN_STX,https://www.facebook.com/sovrenSTX,,https://www.linkedin.com/company/sovrensecurities,https://medium.com/@SovrenSTX,"Dec 7, 2018 - Mar 31, 2019",STO,,,,,UNKOWN 38%/INVESTORS 17%,https://drive.google.com/file/d/1Tg4Zc37U_ZarE83ZoYOglPWpCUVnpji5/view?utm_source=coincodex&utm_medium=referral,https://t.me/joinchat/HSoaZks3YowN9CfjisDAng,https://www.youtube.com/channel/UC3DEYrr8TuFmY3SeJA8p3Vg,,https://bitcointalk.org/index.php?topic=5063455.0,,https://www.reddit.com/r/SovrenSTX,,mailto:mailto:enquiry@sovren.app,,157.50M,,,,,,,,,,
GG World Lottery ,GG World Lottery ,(GGC) STO,"GG World Lottery is a fully licensed, government regulated global and national lottery with draw transparency based on the Ethereum Blockchain.",https://ico.gg.international/?utm_source=coincodex&utm_medium=referral,https://twitter.com/gg_int_ltd,https://www.facebook.com/gg.international.ltd,,https://www.linkedin.com/company/gginternational/,https://medium.com/@gg.international.ltd,"Jul 1, 2018 - Feb 28, 2019",STO,,,,,UNKOWN 75%/INVESTORS 25%,https://ico.gg.international/whitepaper?utm_source=coincodex&utm_medium=referral,https://t.me/gglottery,https://www.youtube.com/channel/UC6r282jPra2z5mA6A4r55wA,,https://bitcointalk.org/index.php?topic=5073793.0,,,,mailto:mailto:contact@gg.international,,375.00M,,,,,,,,,,
Infused Waters Coin ,Infused Waters Coin ,(IWCX) STO,Infused Waters project aims to launch a new kind of healthy and 100% natural Soft Drink Family. Infused Waters as a brand will disrupt the markets and provide a new awesome 100% natural taste! With the integration of the Blockchain technology in our business model.,http://www.infusedwaters.de/?utm_source=coincodex&utm_medium=referral,,,,,,"Dec 1, 2018 - Feb 28, 2019",STO,,,,,UNKOWN 100%/INVESTORS 0%,http://infusedwaters.de/WHITEPAPER_akt.pdf?utm_source=coincodex&utm_medium=referral,,,,,,,,mailto:mailto:support@infusedwaters.de,,9.00M,,http://infusedwaters.de/ONEPAGER.pdf,http://infusedwaters.de/Technical_hints.pdf,,,,,,,
Onasander ,Onasander ,(ONA) STO,Onasander is the first decentralized investment bank running on blockchain technology.,http://onasander.com/?utm_source=coincodex&utm_medium=referral,https://twitter.com/OnasanderICO,https://www.facebook.com/OnasanderICO,,,https://medium.com/@onasander,"Jul 22, 2018 - Feb 23, 2019",STO,,,,,UNKOWN 90%/INVESTORS 10%,,https://t.me/OnasanderICO,,,https://bitcointalk.org/index.php?topic=3948353.0,https://github.com/onasander,https://www.reddit.com/user/OnasanderICO/,,,,79.20M,,,,https://discord.gg/8tyyX8g,,,,,,
Sports Ledger ,Sports Ledger ,(SPSL) STO,"Sports Ledger is a revolutionary platform that will empower a wave of innovation in the world of sports, allowing users to access an innovative, data-driven platform that utilizes the latest advancements in Artificial Intelligence, Blockchain and Smart Contracts. The future of sports, providing access to a variety of services and rewarding users who contribute to the success of the ecosystem.",https://www.sportsledger.io/?utm_source=coincodex&utm_medium=referral,https://twitter.com/sportsledger_io,https://www.facebook.com/sportsledger,,,https://medium.com/@sportsledger,"Apr 1, 2018 - Feb 21, 2019",STO,,,,,UNKOWN 60%/INVESTORS 16%,https://www.sportsledger.io/doc/sports_ledger_whitepaper.pdf?utm_source=coincodex&utm_medium=referral,https://t.me/sportsledger,https://www.youtube.com/channel/UCMM8DjSoSUfiNcouisE8DxA,,https://bitcointalk.org/index.php?topic=3365766,https://github.com/cryptodus/SpslTokenSale,https://www.reddit.com/user/SportsLedger,,mailto:mailto:info@sportsledger.io,,588.00M,,,,,,,,,,
Cryptune ,Cryptune ,(CPTS) STO,Cryptune is a blockchain-based universal point of sale system that offers users and merchants a complete solution for when they are buying or selling goods or services with cryptocurrencies. ,https://www.cryptune.io/?utm_source=coincodex&utm_medium=referral,https://twitter.com/CryptunePOS,https://www.facebook.com/cryptune.io/,https://www.instagram.com/cryptunepos/,https://www.linkedin.com/in/cryptuneuniversalpos/,https://medium.com/@cryptune2018,"Nov 15, 2018 - Feb 11, 2019",STO,,,,,UNKOWN 52%/INVESTORS 15%,https://www.cryptune.io/CPT_WP.pdf?utm_source=coincodex&utm_medium=referral,https://t.me/cryptuneCPTS,https://www.youtube.com/channel/UCtXn4rkOGckcZm2d4INOjiA,,https://bitcointalk.org/index.php?topic=5067004.msg47773147,,,,,,5.20B,,,,,,,,,,
Dezos ,Dezos ,(DOS) STO,"Dezos is a decentralized & global security protocol, based on the blockchain technology, to fight against crime like theft, fraud & counterfeiting.",https://dezos.io/?utm_source=coincodex&utm_medium=referral,https://twitter.com/dezos_official,https://www.facebook.com/dezos.official,,https://www.linkedin.com/company/dezos,https://medium.com/@dezos.official,"Dec 11, 2018 - Jan 31, 2019",STO,,,,,UNKOWN 50%/INVESTORS 50%,,https://t.me/dezos_official,https://www.youtube.com/channel/UCig-nyUFGTVgVaqsk8rjX1Q,,https://bitcointalk.org/index.php?topic=5071912,https://github.com/dezos-ico,https://www.reddit.com/user/dezos_official,,,,450.00M,,,,,,,,,,
ORET ,ORET ,(ORET) STO,"ORET Token is one of the first options in the world of cryptocurrencies to invest and share the profits of a Gold Mining Company (Paraguay Mineral Mining S.A.) Thanks to the Blockchain technology, all ORET Token holders receive their weekly profits in Ethereum.",https://www.oretoken.io/?utm_source=coincodex&utm_medium=referral,https://twitter.com/oretoken,https://www.facebook.com/OREToken/?ref=your_pages,,https://www.linkedin.com/in/oret-token-134a63170/,https://medium.com/@OREToken,"Nov 1, 2018 - Jan 31, 2019",STO,,,,,UNKOWN 88%/INVESTORS 12%,https://www.oretoken.io/#whitepaper?utm_source=coincodex&utm_medium=referral,,https://www.youtube.com/channel/UC-k-C_syWLH4gH4D5TcKXMw,https://etherscan.io/token/0xf2c9989935339b416c53a1ba852ebf28cc0ffa64?a=0x0f3caa35751aefd4d614a6880279b4aa3d773e37,,,https://www.reddit.com/user/ORETtoken,,mailto:mailto:contact@oretoken.io,,11.00M,,https://www.oretoken.io/docs/ORET-Lightpaper.pdf,http://www.oretoken.io/docs/ORET-Whitepaper.pdf,https://discord.gg/SKZUbeF,https://join.slack.com/t/oretoken/shared_invite/enQtNDM3NTc0NTIwNDIyLWQ3YjJmNzA5MGQ3ZDM1MDYxOWEyOTg5YzZmYzEyYmEzNTZkYjE3ZjUwODc0YTg4ZDZkNWJhODRkOTc5YWIyNjM,,,,,
Impresso ,Impresso ,(XIM) STO,"Impresso Labs is a blockchain and mobile application based company. IMPRESSO the brand name is building digital trust by providing profile and CV data validation for the education, recruitment and networking industry.",https://www.impressolabs.io/?utm_source=coincodex&utm_medium=referral,https://twitter.com/ImpressoLabs,https://www.facebook.com/impressolabs/,https://www.instagram.com/impresso_labs/,https://www.linkedin.com/company/impresso/,https://medium.com/impressolabs,"Jan 4, 2019 - Jan 31, 2019",STO,,,,,UNKOWN 77%/INVESTORS 23%,,https://t.me/joinchat/Ef8m9RFv1_DIhtTIm9qEFA,,,https://bitcointalk.org/index.php?topic=5047386.new#new,https://github.com/benbeh/Impressolabs,https://www.reddit.com/r/Impresso/,,,,76.72M,,,,,,,,,,
SnowdenCoin ,SnowdenCoin ,(SNOW) STO,Snowden Coin is a blockchain based platform that aims to create a secure ecosystem where community members are able to carry out scalable transactions eliminating fees and downtime.,https://www.snowden-coin.com/?utm_source=coincodex&utm_medium=referral,https://twitter.com/ComSnowden,https://www.facebook.com/groups/SnowdenCoin/,,,https://medium.com/@guidociburski,"Sep 18, 2018 - Jan 22, 2019",STO,,,,,UNKOWN 67%/INVESTORS 23%,https://ultraupload.io/downloads/WP_EN.pdf?utm_source=coincodex&utm_medium=referral,https://t.me/snowdencoin,https://www.youtube.com/channel/UCDIMRjwDbDGN5wq7D3Ln5KA,,https://bitcointalk.org/index.php?topic=4982802,https://github.com/tcuag/snowden-coin,https://www.reddit.com/u/Snowden-Coin/?st=JMZ4WW4K&sh=aab93eab,,,,16.00M,,,,,https://join.slack.com/t/snowden-coin/shared_invite/enQtNDI0MTAyNTYzOTczLWQ3MWYzYTZkNmRjNTg0ZGUwZjYwYjcyZTU5MzQ0OWU4MGI3MGY2ZjE3MjkxNDc2NTcyZmU4OTExNGIzYWQ5YWY,,,,,
Mint Health ,Mint Health ,(MHST) STO,"Mint Health is aiming to build a decentralized health platform that empowers patients with a self-sovereign health identity and aligns patients, providers, and payers to battle chronic disease.",https://www.minthealth.io/?utm_source=coincodex&utm_medium=referral,https://twitter.com/mint_health,https://www.facebook.com/MintHealth1/,,https://www.linkedin.com/company/18304722/,https://medium.com/@Mint_Health,"Sep 30, 2018 - Dec 31, 2018",STO,,,,,UNKOWN 100%/INVESTORS 0%,https://www.minthealth.io/wp-content/uploads/2018/04/MH_WHITEPAPER_04.18.pdf?utm_source=coincodex&utm_medium=referral,https://t.me/joinchat/G5Vv_gu5hL332ptnK6qJzA,,,,,,,,,90.00M,,,,,,,https://www.sec.gov/Archives/edgar/data/1725804/000106299318001496/xslFormDX01/primary_doc.xml,,,
Goldma ,Goldma ,(GMA) STO,"Goldma is a gold-backed cryptocurrency, where the GMA tokens represent the gold mining asset in Africa. ",https://goldma.io/?utm_source=coincodex&utm_medium=referral,https://twitter.com/GoldMA_Coin,https://www.facebook.com/GoldMAZimbabwe/,https://www.instagram.com/goldma_zw/,https://www.linkedin.com/company/11560473/,https://medium.com/@goldma,"Jun 7, 2018 - Oct 12, 2018",STO,,,,,UNKOWN 51%/INVESTORS 25.5%,https://goldma.io/assets/files/GoldmaWhitePaperV10.pdf?utm_source=coincodex&utm_medium=referral,https://t.me/joinchat/He_y1hHwCYJ0Rr01xXJZEQ,https://www.youtube.com/channel/UCNcGmhIBRmDUn2B4tn2-_ZA,,,,https://www.reddit.com/r/Gold_MA/,,mailto:mailto:info@goldma.io,,730.30M,,,,,,,,,,
INGOT Coin ,INGOT Coin ,(IC) STO,"INGOT Coin is the first fully integrated Wallet with a Digital Bank, Brokerage, Exchange, Certifier, and ICO Accelerator. All components are rolled into a single and complete ecosystem, which rewards token holders and consumers for using and contributing to it. INGOT Coin is a decentralized cryptocurrency, which provides benefits and discounts within the ecosystem itself.",https://www.ingotcoin.io/?utm_source=coincodex&utm_medium=referral,https://twitter.com/ICOINGOT,https://www.facebook.com/ICOINGOT/,https://www.instagram.com/icoingot/,https://www.linkedin.com/company/ingotcoin/,,"May 1, 2018 - Oct 10, 2018",STO,,,,,UNKOWN 75%/INVESTORS 25%,https://www.ingotcoin.io/documents/en/white-paper.pdf?utm_source=coincodex&utm_medium=referral,https://t.me/INGOTCoin,https://www.youtube.com/channel/UCkhXGyI_piMMDMtyrYjI_IA,,https://bitcointalk.org/index.php?topic=3581009.new,,,,,,120.00M,,,,,,,,,,
Neluns ,Neluns ,(NLS) STO,"Neluns is an innovative financial ecosystem that contains within itself a bank, a cryptocurrency exchange and an insurance company that operates with fiat and cryptocurrencies.",https://neluns.io/?utm_source=coincodex&utm_medium=referral,https://twitter.com/theneluns,https://www.facebook.com/The-Neluns-2038488129802279,,,https://medium.com/@iconeluns,"Aug 1, 2018 - Oct 5, 2018",STO,$ 1.00,,,,UNKOWN 80%/INVESTORS 12%,https://neluns.io/static/ver165/whitepaper/whitepaper.pdf?utm_source=coincodex&utm_medium=referral,http://t.me/TheNelunsChat,https://www.youtube.com/channel/UCap59w27OBC_Cn9nsQxthTA,,https://bitcointalk.org/index.php?topic=4694028,,https://www.reddit.com/r/NelunsProject/?st=JK201PMO&sh=8e3addc0,,,,200.00M,,,,,,,,,,https://vimeo.com/neluns
Alehub ,Alehub ,(ALE) STO,Alehub wants to create a platform for project management and for contractors search in IT and Hi-Tech areas.,https://alehub.io/?utm_source=coincodex&utm_medium=referral,https://twitter.com/alehub_io,https://www.facebook.com/alehub.io/,https://www.instagram.com/alehub.io/,,,"Jul 25, 2018 - Sep 24, 2018",STO,$ 0.30,,,,UNKOWN 77%/INVESTORS 11%,https://alehub.io/ALEHUB_WP_eng.pdf?utm_source=coincodex&utm_medium=referral,https://t.me/alehub,https://www.youtube.com/channel/UCQmFu8R6TIKU1Vz10HrvFYg,,https://bitcointalk.org/index.php?topic=3676768.new,https://github.com/effective-energy,,,mailto:mailto:invest@alehub.io,,162.47M,,https://alehub.io/ALEHUB_OP_eng.pdf,,,,,,,,
Augmate ,Augmate ,(MATE) STO,Augmate is the world's first IoT Device Management platform that was developed with the purpose to serve the needs of workers that use wearable glasses. The main goal was to develop a management platform for the IT users to centrally control all of the new devices coiming onto their system. ,https://www.augmate.io/?utm_source=coincodex&utm_medium=referral,https://twitter.com/augmate,https://www.facebook.com/augmate,,https://www.linkedin.com/company/augmate,https://medium.com/@augmate,"Jan 1, 2018 - Jun 30, 2018",STO,,,,,UNKOWN 35%/INVESTORS 30%,https://d1mgxjk1p6bgsz.cloudfront.net/wp-content/uploads/2018/04/AC_Whitepaper-1.pdf?utm_source=coincodex&utm_medium=referral,https://t.me/AugmateOfficial,,,,,https://www.reddit.com/r/Augmate/,,,,15.00B,,,,,,,https://www.sec.gov/Archives/edgar/data/1614614/000161461417000003/xslFormDX01/primary_doc.xml,,,
Witnet Foundation ,Witnet Foundation ,(WIT) STO,Witnet Foundation is building a decentralized oracle network that aims to connect smart contracts to any available online source data.,https://witnet.io/#/?utm_source=coincodex&utm_medium=referral,https://twitter.com/witnet_io,,,,https://medium.com/witnet,"Mar 1, 2018 - Apr 30, 2018",STO,,,,,UNKOWN 100%/INVESTORS 0%,https://witnet.io/static/witnet-whitepaper.pdf?utm_source=coincodex&utm_medium=referral,https://t.me/witnetio,,,,https://github.com/witnet,https://reddit.com/r/witnet,,mailto:mailto:info@witnet.foundation,,0.00,,,,https://discord.gg/X4uurfP,,,https://www.sec.gov/Archives/edgar/data/1730100/000173010018000003/xslFormDX01/primary_doc.xml,,,
22x Fund ,22x Fund ,(22X) STO,"The 22X Fund is the brainchild of startup founders from Batch 22 of 500 Startups Accelerator program. Like most great ideas, what started as spitballing over beers snowballed into a batch-wide effort that sought to create a tokenized investment offering. The startups are represented by one token that seeks to give investors more liquidity and better returns.",https://22xfund.com/?utm_source=coincodex&utm_medium=referral,https://twitter.com/22xfund,,,,https://medium.com/22xfund,"Jan 26, 2018 - Mar 23, 2018",STO,$ 1.00,,,,UNKOWN 100%/INVESTORS 0%,https://docsend.com/view/x65nwx6?utm_source=coincodex&utm_medium=referral,https://t.me/community22X,https://www.youtube.com/channel/UC8Oa9_EAoRo51n3z2iCfY0g,,,,,,mailto:mailto:hello@22xfund.com,,0.00,,,,,,,,,,
Crowd For Angels ,Crowd For Angels ,(ANGEL) STO,"Crowd for Angels is a leading UK crowdfunding platform that raises funds for companies through the issue of shares, crowd bonds and tokens to investors.",https://crowdforangels.com/?utm_source=coincodex&utm_medium=referral,https://twitter.com/crowdforangels,https://www.facebook.com/CrowdforAngels,,,https://medium.com/@crowdforangels,"Feb 1, 2018 - Feb 14, 2018",STO,,,,,UNKOWN 100%/INVESTORS 0%,,https://t.me/CrowdforAngels,,,https://bitcointalk.org/index.php?topic=2490127.0,,,,,,5.00B,,,,,,,,,,
